{"name":"c82cc8cb-80f8-4c9b-aa4a-53412e0c7672","id":"/providers/Microsoft.Flow/flows/c82cc8cb-80f8-4c9b-aa4a-53412e0c7672","type":"Microsoft.Flow/flows","properties":{"apiId":"/providers/Microsoft.PowerApps/apis/shared_logicflows","displayName":"Upload event image","definition":{"metadata":{"workflowEntityId":null,"processAdvisorMetadata":null,"flowclientsuspensionreason":"None","flowclientsuspensiontime":null,"creator":{"id":"be7f6a61-71ec-4e63-8609-3e2cb740dc75","type":"User","tenantId":"32292181-0169-456b-b0a4-95fa4c5773a4"},"provisioningMethod":"FromDefinition","failureAlertSubscription":true,"clientLastModifiedTime":"2021-11-17T14:06:25.7209349Z"},"$schema":"https://schema.management.azure.com/providers/Microsoft.Logic/schemas/2016-06-01/workflowdefinition.json#","contentVersion":"1.0.0.0","parameters":{"$connections":{"defaultValue":{},"type":"Object"},"$authentication":{"defaultValue":{},"type":"SecureObject"}},"triggers":{"manual":{"metadata":{"operationMetadataId":"89ef14b6-0dec-427a-af30-90147cd6c039"},"type":"Request","kind":"PowerApp","inputs":{"schema":{"type":"object","properties":{"Createimagefile_FileName":{"type":"string","description":"Name of the file.. This parameter is used as part of \"5782DF16-0A56-4F44-9639-4E4EBC50ED84\"","x-ms-powerflows-param-ispartial":true},"Createimagefile_FileContent":{"type":"string","format":"binary","description":"Content of the file.","x-ms-powerflows-param-ispartial":false},"SetEventIdvariable_Value":{"type":"integer","description":"Enter variable value","x-ms-powerflows-param-ispartial":false}},"required":["Createimagefile_FileName","Createimagefile_FileContent","SetEventIdvariable_Value"]}}}},"actions":{"Create_image_file":{"runAfter":{"Set_EventId_variable":["Succeeded"]},"metadata":{"operationMetadataId":"d5e62b07-ab4b-4094-8c08-9d928935405e"},"type":"OpenApiConnection","inputs":{"host":{"apiId":"/providers/Microsoft.PowerApps/apis/shared_sharepointonline","connectionName":"shared_sharepointonline","operationId":"CreateFile"},"parameters":{"dataset":"@variables('EventsSiteURL')","folderPath":"/EventImages","name":"@{triggerBody()['Createimagefile_FileName']}.jpg","body":"@base64ToBinary(triggerBody()['Createimagefile_FileContent'])"},"authentication":{"value":"@json(decodeBase64(triggerOutputs().headers['X-MS-APIM-Tokens']))['$ConnectionKey']","type":"Raw"}},"runtimeConfiguration":{"contentTransfer":{"transferMode":"Chunked"}}},"Update_event_image":{"runAfter":{"Create_image_file":["Succeeded"]},"metadata":{"operationMetadataId":"01c60185-b5ec-412d-9ac6-746f7d2c2f3a"},"type":"OpenApiConnection","inputs":{"host":{"apiId":"/providers/Microsoft.PowerApps/apis/shared_sharepointonline","connectionName":"shared_sharepointonline","operationId":"HttpRequest"},"parameters":{"dataset":"@variables('EventsSiteURL')","parameters/method":"POST","parameters/uri":"_api/web/lists/getbytitle('Events')/Items(@{variables('EventId')})","parameters/headers":{"content-type":"application/json;odata=verbose","accept":"application/json;odata=verbose","IF-MATCH":"*","X-HTTP-Method":"MERGE"},"parameters/body":"{\n  \"__metadata\": {\n    \"type\": \"SP.Data.EventsListItem\"\n  },\n  \"Title\": \"TestUpdated\",\n\"Event_x0020_Image\":\n{\n\"__metadata\":{\"type\":\"SP.FieldUrlValue\"},\n\"Description\":\"Google\",\n\"Url\":\"@{variables('EventsSiteURL')}/EventImages/@{triggerBody()['Createimagefile_FileName']}.jpg\"\n}}"},"authentication":{"value":"@json(decodeBase64(triggerOutputs().headers['X-MS-APIM-Tokens']))['$ConnectionKey']","type":"Raw"}}},"Initialize_EventId_variable":{"runAfter":{"Events_Site_URL":["Succeeded"]},"metadata":{"operationMetadataId":"f5ef66f1-6eed-4a79-b9b2-a239d1a06b37"},"type":"InitializeVariable","inputs":{"variables":[{"name":"EventId","type":"integer"}]}},"Set_EventId_variable":{"runAfter":{"Initialize_EventId_variable":["Succeeded"]},"metadata":{"operationMetadataId":"e3211f08-7264-4632-8143-2e2aecd70c7a"},"type":"SetVariable","inputs":{"name":"EventId","value":"@triggerBody()['SetEventIdvariable_Value']"}},"Events_Site_URL":{"runAfter":{},"metadata":{"operationMetadataId":"e819324b-8951-4a9d-a6c0-10b206efc8cc"},"type":"InitializeVariable","inputs":{"variables":[{"name":"EventsSiteURL","type":"string","value":"https://m365x765471.sharepoint.com/sites/events"}]}}},"outputs":{},"description":"Used by the Event Registration Power App to upload an image to SharePoint when a user creates an event."},"connectionReferences":{"shared_sharepointonline":{"connectionName":"0c43331dd47d408186f1d27fde7b4211","source":"Invoker","id":"/providers/Microsoft.PowerApps/apis/shared_sharepointonline","tier":"NotSpecified"}},"flowFailureAlertSubscribed":false}}