{"name":"c82cc8cb-80f8-4c9b-aa4a-53412e0c7672","id":"/providers/Microsoft.Flow/flows/c82cc8cb-80f8-4c9b-aa4a-53412e0c7672","type":"Microsoft.Flow/flows","properties":{"apiId":"/providers/Microsoft.PowerApps/apis/shared_logicflows","displayName":"Upload event image","definition":{"metadata":{"workflowEntityId":null,"processAdvisorMetadata":null,"flowclientsuspensionreason":"None","flowclientsuspensiontime":null,"creator":{"id":"be7f6a61-71ec-4e63-8609-3e2cb740dc75","type":"User","tenantId":"32292181-0169-456b-b0a4-95fa4c5773a4"},"provisioningMethod":"FromDefinition","failureAlertSubscription":true,"clientLastModifiedTime":"2021-08-20T12:14:49.9083622Z"},"$schema":"https://schema.management.azure.com/providers/Microsoft.Logic/schemas/2016-06-01/workflowdefinition.json#","contentVersion":"1.0.0.0","parameters":{"$connections":{"defaultValue":{},"type":"Object"},"$authentication":{"defaultValue":{},"type":"SecureObject"}},"triggers":{"manual":{"type":"Request","kind":"PowerApp","inputs":{"schema":{"type":"object","properties":{"Createimagefile_FileName":{"type":"string","description":"Name of the file.. This parameter is used as part of \"85807B03-5D59-4A87-963E-DF7352808EEA\"","x-ms-powerflows-param-ispartial":true},"Createimagefile_FileContent":{"type":"string","format":"binary","description":"Content of the file.","x-ms-powerflows-param-ispartial":false},"SetEventIdvariable_Value":{"type":"integer","description":"Enter variable value","x-ms-powerflows-param-ispartial":false}},"required":["Createimagefile_FileName","Createimagefile_FileContent","SetEventIdvariable_Value"]}}}},"actions":{"Create_image_file":{"runAfter":{"Set_EventId_variable":["Succeeded"]},"type":"OpenApiConnection","inputs":{"host":{"apiId":"/providers/Microsoft.PowerApps/apis/shared_sharepointonline","connectionName":"shared_sharepointonline","operationId":"CreateFile"},"parameters":{"dataset":"https://m365x765471.sharepoint.com/sites/Events","folderPath":"/EventImages","name":"@{triggerBody()['Createimagefile_FileName']}.jpg","body":"@base64ToBinary(triggerBody()['Createimagefile_FileContent'])"},"authentication":{"value":"@json(decodeBase64(triggerOutputs().headers['X-MS-APIM-Tokens']))['$ConnectionKey']","type":"Raw"}},"runtimeConfiguration":{"contentTransfer":{"transferMode":"Chunked"}}},"Update_event_image":{"runAfter":{"Create_image_file":["Succeeded"]},"type":"OpenApiConnection","inputs":{"host":{"apiId":"/providers/Microsoft.PowerApps/apis/shared_sharepointonline","connectionName":"shared_sharepointonline","operationId":"HttpRequest"},"parameters":{"dataset":"https://m365x765471.sharepoint.com/sites/Events","parameters/method":"POST","parameters/uri":"_api/web/lists/getbytitle('Events')/Items(@{variables('EventId')})","parameters/headers":{"content-type":"application/json;odata=verbose","accept":"application/json;odata=verbose","IF-MATCH":"*","X-HTTP-Method":"MERGE"},"parameters/body":"{\n  \"__metadata\": {\n    \"type\": \"SP.Data.EventsListItem\"\n  },\n  \"Title\": \"TestUpdated\",\n\"Event_x0020_Image\":\n{\n\"__metadata\":{\"type\":\"SP.FieldUrlValue\"},\n\"Description\":\"Google\",\n\"Url\":\"https://m365x765471.sharepoint.com/sites/Events/EventImages/@{triggerBody()['Createimagefile_FileName']}.jpg\"\n}}"},"authentication":{"value":"@json(decodeBase64(triggerOutputs().headers['X-MS-APIM-Tokens']))['$ConnectionKey']","type":"Raw"}}},"Initialize_EventId_variable":{"runAfter":{},"type":"InitializeVariable","inputs":{"variables":[{"name":"EventId","type":"integer"}]}},"Set_EventId_variable":{"runAfter":{"Initialize_EventId_variable":["Succeeded"]},"type":"SetVariable","inputs":{"name":"EventId","value":"@triggerBody()['SetEventIdvariable_Value']"}}},"outputs":{},"description":"Used by the Event Registration Power App to upload an image to SharePoint when a user creates an event."},"connectionReferences":{"shared_sharepointonline":{"connectionName":"0c43331dd47d408186f1d27fde7b4211","source":"Invoker","id":"/providers/Microsoft.PowerApps/apis/shared_sharepointonline","tier":"NotSpecified"}},"flowFailureAlertSubscribed":false}}