{"schemaVersion":"1.0","appDefinitionTemplate":{"id":"/providers/Microsoft.PowerApps/apps/","type":"Microsoft.PowerApps/apps","tags":{"primaryDeviceWidth":"1366","primaryDeviceHeight":"768","sienaVersion":"20211213T142512Z-3.21114.18.0","deviceCapabilities":"","supportsPortrait":"false","supportsLandscape":"true","primaryFormFactor":"Tablet","publisherVersion":"3.21114.18","minimumRequiredApiVersion":"2.2.0","hasComponent":"true","hasUnlockedComponent":"true","isUnifiedRootApp":"false"},"properties":{"appVersion":"2021-12-13T14:25:12Z","lifeCycleId":"Published","createdByClientVersion":{"major":3,"minor":21114,"build":18,"revision":0,"majorRevision":0,"minorRevision":0},"minClientVersion":{"major":3,"minor":21114,"build":18,"revision":0,"majorRevision":0,"minorRevision":0},"backgroundColor":"rgba(1, 131, 134, 1)","backgroundImageUri":"/1487379417808329917/N855dede3-a849-4818-93ed-eeb2966ac98b-logoSmallFile","displayName":"Event Registration","description":"Event Registration app POC for embedding in a SharePoint page.","commitMessage":"","appUris":{"documentUri":{"value":"/1487379417808329917/Nd245692a-5ff4-4db4-8623-281478da2751-document.msapp"},"imageUris":[]},"createdTime":"0001-01-01T00:00:00Z","lastModifiedTime":"0001-01-01T00:00:00Z","sharedGroupsCount":0,"sharedUsersCount":0,"icons":{"smallIconUri":"/1487379417808329917/N8f897d97-2bbb-439c-9a8a-a300fddd436b-small.png","mediumIconUri":"/1487379417808329917/Nb441e17b-3a3b-405b-9e86-8448e5cccceb-medium.png","largeIconUri":"/1487379417808329917/N0052d7e9-2c90-446d-9422-3e38364fa4ed-large.png","wideIconUri":"/1487379417808329917/N55162958-ab91-45e6-8a21-554233372a17-wide.png"},"connectionReferences":{"717c043e-1fba-4fed-88f1-3d167150a4b0":{"id":"68498893-6daa-4587-a701-240ca27eff9d","displayName":"Office 365 Users","iconUri":"https://connectoricons-prod.azureedge.net/releases/v1.0.1528/1.0.1528.2589/office365users/icon.png","dataSources":["Office365Users"],"dependencies":[],"dependents":[],"parameterHints":{},"parameterHintsV2":{},"isOnPremiseConnection":false,"bypassConsent":false,"dataSets":{},"apiTier":"Standard","isCustomApiConnection":false,"actions":["MyProfile","MyProfileV2"]},"2db09170-bf41-4881-ac70-3595f4b80b6a":{"id":"0b164192-7516-4273-9107-778720d9f982","displayName":"Logic flows","iconUri":"https://connectoricons-prod.azureedge.net/releases/v1.0.1534/1.0.1534.2605/logicflows/icon.png","dataSources":["Uploadeventimage"],"dependencies":["95090abf-e6ee-4bf7-b647-ce3c6cb0df28"],"dependents":[],"parameterHints":{"workflowName":{"value":"2d87e393-32bf-4a75-972f-76bc142af7a2"},"workflowEntityId":{},"95090abf-e6ee-4bf7-b647-ce3c6cb0df28":{"value":"shared_sharepointonline"}},"parameterHintsV2":{"shared_sharepointonline":{"value":"95090abf-e6ee-4bf7-b647-ce3c6cb0df28"}},"isOnPremiseConnection":false,"bypassConsent":false,"dataSets":{},"apiTier":"Standard","isCustomApiConnection":false,"actions":["Run"]},"95090abf-e6ee-4bf7-b647-ce3c6cb0df28":{"id":"dd66a3d1-fb7e-431b-838c-39bfa529bd8f","displayName":"SharePoint","iconUri":"https://connectoricons-prod.azureedge.net/releases/v1.0.1533/1.0.1533.2600/sharepointonline/icon.png","dataSources":[],"dependencies":[],"dependents":["2db09170-bf41-4881-ac70-3595f4b80b6a","73c23d5a-6de1-4238-b5b9-89d9bd077bbb","cbd4bd6b-5274-469a-9e59-eded31141a62"],"parameterHints":{},"parameterHintsV2":{},"isOnPremiseConnection":false,"bypassConsent":false,"dataSets":{},"apiTier":"Standard","isCustomApiConnection":false,"actions":["providers/PowerPlatform.Governance/Operations/Read","providers/PowerPlatform.Governance/Operations/Write","providers/PowerPlatform.Governance/Operations/Delete"]},"73c23d5a-6de1-4238-b5b9-89d9bd077bbb":{"id":"0b164192-7516-4273-9107-778720d9f982","displayName":"Logic flows","iconUri":"https://connectoricons-prod.azureedge.net/releases/v1.0.1534/1.0.1534.2605/logicflows/icon.png","dataSources":["EmailEventAttendees"],"dependencies":["95090abf-e6ee-4bf7-b647-ce3c6cb0df28","5ffb0c33-28c7-49cd-8cb4-36a7d7bf2ea3"],"dependents":[],"parameterHints":{"workflowName":{"value":"8c20bd9f-e44f-41a7-a381-bb6ee714d594"},"workflowEntityId":{},"95090abf-e6ee-4bf7-b647-ce3c6cb0df28":{"value":"shared_sharepointonline"},"5ffb0c33-28c7-49cd-8cb4-36a7d7bf2ea3":{"value":"shared_office365"}},"parameterHintsV2":{"shared_sharepointonline":{"value":"95090abf-e6ee-4bf7-b647-ce3c6cb0df28"},"shared_office365":{"value":"5ffb0c33-28c7-49cd-8cb4-36a7d7bf2ea3"}},"isOnPremiseConnection":false,"bypassConsent":false,"dataSets":{},"apiTier":"Standard","isCustomApiConnection":false,"actions":["Run"]},"bfb00627-afcc-4cf5-9508-aaaed53ec52a":{"id":"186fca12-832d-4052-adec-86b1930ed6a8","displayName":"Office 365 Groups","iconUri":"https://connectoricons-prod.azureedge.net/releases/v1.0.1538/1.0.1538.2619/office365groups/icon.png","dataSources":["Office365Groups"],"dependencies":[],"dependents":[],"parameterHints":{},"parameterHintsV2":{},"isOnPremiseConnection":false,"bypassConsent":false,"dataSets":{},"apiTier":"Standard","isCustomApiConnection":false,"actions":["ListGroupMembers"]},"cbd4bd6b-5274-469a-9e59-eded31141a62":{"id":"0b164192-7516-4273-9107-778720d9f982","displayName":"Logic flows","iconUri":"https://connectoricons-prod.azureedge.net/releases/v1.0.1534/1.0.1534.2605/logicflows/icon.png","dataSources":["EventRegistration"],"dependencies":["95090abf-e6ee-4bf7-b647-ce3c6cb0df28","7054860e-baed-4d3d-afed-0bd5f9793116","7054860e-baed-4d3d-afed-0bd5f9793116"],"dependents":[],"parameterHints":{"workflowName":{"value":"b5ae78b2-877d-4ae8-9d67-08adfe2f61aa"},"workflowEntityId":{},"95090abf-e6ee-4bf7-b647-ce3c6cb0df28":{"value":"shared_sharepointonline"},"7054860e-baed-4d3d-afed-0bd5f9793116":{"value":"shared_office365_1"}},"parameterHintsV2":{"workflowName":{"value":"b5ae78b2-877d-4ae8-9d67-08adfe2f61aa"},"workflowEntityId":{},"shared_sharepointonline":{"value":"95090abf-e6ee-4bf7-b647-ce3c6cb0df28"},"shared_office365":{"value":"7054860e-baed-4d3d-afed-0bd5f9793116"},"shared_office365_1":{"value":"7054860e-baed-4d3d-afed-0bd5f9793116"}},"isOnPremiseConnection":false,"bypassConsent":false,"dataSets":{},"apiTier":"Standard","isCustomApiConnection":false,"actions":["Run"]},"7054860e-baed-4d3d-afed-0bd5f9793116":{"id":"1d779051-2da9-4368-9368-fd38d50312b0","displayName":"Office 365 Outlook","iconUri":"https://connectoricons-prod.azureedge.net/releases/v1.0.1538/1.0.1538.2621/office365/icon.png","dataSources":[],"dependencies":[],"dependents":["cbd4bd6b-5274-469a-9e59-eded31141a62"],"parameterHints":{},"parameterHintsV2":{},"isOnPremiseConnection":false,"bypassConsent":false,"dataSets":{},"apiTier":"Standard","isCustomApiConnection":false},"96601c04-79a1-4120-b1f7-83a68b2ac42b":{"id":"dd66a3d1-fb7e-431b-838c-39bfa529bd8f","displayName":"SharePoint","iconUri":"https://connectoricons-prod.azureedge.net/releases/v1.0.1533/1.0.1533.2600/sharepointonline/icon.png","dataSources":["Event Attendees","Events"],"dependencies":[],"dependents":[],"parameterHints":{},"parameterHintsV2":{},"isOnPremiseConnection":false,"bypassConsent":false,"dataSets":{"https://m365x765471.sharepoint.com/sites/Events":{"dataSources":{"Event Attendees":{"tableName":"bb163f9e-1e6c-4baf-a921-f0394549ae21"},"Events":{"tableName":"c481fbd3-92d6-4fb0-ab45-633d92689842"}}}},"apiTier":"Standard","isCustomApiConnection":false,"actions":["providers/PowerPlatform.Governance/Operations/Read","providers/PowerPlatform.Governance/Operations/Write","providers/PowerPlatform.Governance/Operations/Delete"]}},"databaseReferences":{},"almMode":"Environment","performanceOptimizationEnabled":true,"canConsumeAppPass":true,"executionRestrictions":{"isTeamsOnly":false,"dataLossPreventionEvaluationResult":{"status":"Compliant","lastEvaluationDate":"2021-02-22T21:54:14.1652445Z","violationDetails":[]}}},"appType":"ClassicCanvasApp","appComponents":[]}}