{"schemaVersion":"1.0","appDefinitionTemplate":{"id":"/providers/Microsoft.PowerApps/apps/","type":"Microsoft.PowerApps/apps","tags":{"primaryDeviceWidth":"1366","primaryDeviceHeight":"768","sienaVersion":"20210826T142725Z-3.21083.28.0","deviceCapabilities":"","supportsPortrait":"false","supportsLandscape":"true","primaryFormFactor":"Tablet","publisherVersion":"3.21083.28","minimumRequiredApiVersion":"2.2.0","hasComponent":"true","hasUnlockedComponent":"true","isUnifiedRootApp":"false"},"properties":{"appVersion":"2021-08-26T14:27:25Z","lifeCycleId":"Published","createdByClientVersion":{"major":3,"minor":21083,"build":28,"revision":0,"majorRevision":0,"minorRevision":0},"minClientVersion":{"major":3,"minor":21083,"build":28,"revision":0,"majorRevision":0,"minorRevision":0},"backgroundColor":"rgba(1, 131, 134, 1)","backgroundImageUri":"/1487379417808329917/Nfe1e6ffb-1560-4cdc-8b78-72d3834f795f-logoSmallFile","displayName":"Event Registration","description":"Event Registration app POC for embedding in a SharePoint page.","commitMessage":"","appUris":{"documentUri":{"value":"/1487379417808329917/N4a113d9f-9bb7-420b-9c06-6b690a44ed1d-document.msapp"},"imageUris":[]},"createdTime":"0001-01-01T00:00:00Z","lastModifiedTime":"0001-01-01T00:00:00Z","sharedGroupsCount":0,"sharedUsersCount":0,"icons":{"smallIconUri":"/1487379417808329917/N3ac74d74-9590-4cb1-9151-4c0cd65d3f32-small.png","mediumIconUri":"/1487379417808329917/Ndaea8099-902e-418f-bf12-27725b3fef2c-medium.png","largeIconUri":"/1487379417808329917/N06ee068b-f33d-4a24-86be-70e49b5a90bd-large.png","wideIconUri":"/1487379417808329917/N1bba8998-de12-4391-9327-035a42def965-wide.png"},"connectionReferences":{"95090abf-e6ee-4bf7-b647-ce3c6cb0df28":{"id":"dd66a3d1-fb7e-431b-838c-39bfa529bd8f","displayName":"SharePoint","iconUri":"https://connectoricons-prod.azureedge.net/releases/v1.0.1505/1.0.1505.2520/sharepointonline/icon.png","dataSources":[],"dependencies":[],"dependents":["2db09170-bf41-4881-ac70-3595f4b80b6a","73c23d5a-6de1-4238-b5b9-89d9bd077bbb","cbd4bd6b-5274-469a-9e59-eded31141a62"],"parameterHints":{},"parameterHintsV2":{},"isOnPremiseConnection":false,"bypassConsent":false,"dataSets":{},"apiTier":"Standard","isCustomApiConnection":false,"actions":["providers/PowerPlatform.Governance/Operations/Read","providers/PowerPlatform.Governance/Operations/Write","providers/PowerPlatform.Governance/Operations/Delete"]},"717c043e-1fba-4fed-88f1-3d167150a4b0":{"id":"68498893-6daa-4587-a701-240ca27eff9d","displayName":"Office 365 Users","iconUri":"https://connectoricons-prod.azureedge.net/releases/v1.0.1472/1.0.1472.2427/office365users/icon.png","dataSources":["Office365Users"],"dependencies":[],"dependents":[],"parameterHints":{},"parameterHintsV2":{},"isOnPremiseConnection":false,"bypassConsent":false,"dataSets":{},"apiTier":"Standard","isCustomApiConnection":false,"actions":["MyProfile","MyProfileV2"]},"2db09170-bf41-4881-ac70-3595f4b80b6a":{"id":"0b164192-7516-4273-9107-778720d9f982","displayName":"Logic flows","iconUri":"https://connectoricons-prod.azureedge.net/releases/v1.0.1438/1.0.1438.2324/logicflows/icon.png","dataSources":["Uploadeventimage"],"dependencies":["95090abf-e6ee-4bf7-b647-ce3c6cb0df28"],"dependents":[],"parameterHints":{"workflowName":{"value":"2d87e393-32bf-4a75-972f-76bc142af7a2"},"workflowEntityId":{},"95090abf-e6ee-4bf7-b647-ce3c6cb0df28":{"value":"shared_sharepointonline"}},"parameterHintsV2":{"shared_sharepointonline":{"value":"95090abf-e6ee-4bf7-b647-ce3c6cb0df28"}},"isOnPremiseConnection":false,"bypassConsent":false,"dataSets":{},"apiTier":"Standard","isCustomApiConnection":false,"actions":["Run"]},"73c23d5a-6de1-4238-b5b9-89d9bd077bbb":{"id":"0b164192-7516-4273-9107-778720d9f982","displayName":"Logic flows","iconUri":"https://connectoricons-prod.azureedge.net/releases/v1.0.1438/1.0.1438.2324/logicflows/icon.png","dataSources":["EmailEventAttendees"],"dependencies":["95090abf-e6ee-4bf7-b647-ce3c6cb0df28","5ffb0c33-28c7-49cd-8cb4-36a7d7bf2ea3"],"dependents":[],"parameterHints":{"workflowName":{"value":"8c20bd9f-e44f-41a7-a381-bb6ee714d594"},"workflowEntityId":{},"95090abf-e6ee-4bf7-b647-ce3c6cb0df28":{"value":"shared_sharepointonline"},"5ffb0c33-28c7-49cd-8cb4-36a7d7bf2ea3":{"value":"shared_office365"}},"parameterHintsV2":{"shared_sharepointonline":{"value":"95090abf-e6ee-4bf7-b647-ce3c6cb0df28"},"shared_office365":{"value":"5ffb0c33-28c7-49cd-8cb4-36a7d7bf2ea3"}},"isOnPremiseConnection":false,"bypassConsent":false,"dataSets":{},"apiTier":"Standard","isCustomApiConnection":false,"actions":["Run"]},"bfb00627-afcc-4cf5-9508-aaaed53ec52a":{"id":"186fca12-832d-4052-adec-86b1930ed6a8","displayName":"Office 365 Groups","iconUri":"https://connectoricons-prod.azureedge.net/releases/v1.0.1504/1.0.1504.2515/office365groups/icon.png","dataSources":["Office365Groups"],"dependencies":[],"dependents":[],"parameterHints":{},"parameterHintsV2":{},"isOnPremiseConnection":false,"bypassConsent":false,"dataSets":{},"apiTier":"Standard","isCustomApiConnection":false,"actions":["ListGroupMembers"]},"cbd4bd6b-5274-469a-9e59-eded31141a62":{"id":"0b164192-7516-4273-9107-778720d9f982","displayName":"Logic flows","iconUri":"https://connectoricons-prod.azureedge.net/releases/v1.0.1438/1.0.1438.2324/logicflows/icon.png","dataSources":["EventRegistration"],"dependencies":["95090abf-e6ee-4bf7-b647-ce3c6cb0df28","7054860e-baed-4d3d-afed-0bd5f9793116","7054860e-baed-4d3d-afed-0bd5f9793116"],"dependents":[],"parameterHints":{"workflowName":{"value":"b5ae78b2-877d-4ae8-9d67-08adfe2f61aa"},"workflowEntityId":{},"95090abf-e6ee-4bf7-b647-ce3c6cb0df28":{"value":"shared_sharepointonline"},"7054860e-baed-4d3d-afed-0bd5f9793116":{"value":"shared_office365_1"}},"parameterHintsV2":{"workflowName":{"value":"b5ae78b2-877d-4ae8-9d67-08adfe2f61aa"},"workflowEntityId":{},"shared_sharepointonline":{"value":"95090abf-e6ee-4bf7-b647-ce3c6cb0df28"},"shared_office365":{"value":"7054860e-baed-4d3d-afed-0bd5f9793116"},"shared_office365_1":{"value":"7054860e-baed-4d3d-afed-0bd5f9793116"}},"isOnPremiseConnection":false,"bypassConsent":false,"dataSets":{},"apiTier":"Standard","isCustomApiConnection":false,"actions":["Run"]},"7054860e-baed-4d3d-afed-0bd5f9793116":{"id":"1d779051-2da9-4368-9368-fd38d50312b0","displayName":"Office 365 Outlook","iconUri":"https://connectoricons-prod.azureedge.net/releases/v1.0.1507/1.0.1507.2528/office365/icon.png","dataSources":[],"dependencies":[],"dependents":["cbd4bd6b-5274-469a-9e59-eded31141a62"],"parameterHints":{},"parameterHintsV2":{},"isOnPremiseConnection":false,"bypassConsent":false,"dataSets":{},"apiTier":"Standard","isCustomApiConnection":false},"96601c04-79a1-4120-b1f7-83a68b2ac42b":{"id":"dd66a3d1-fb7e-431b-838c-39bfa529bd8f","displayName":"SharePoint","iconUri":"https://connectoricons-prod.azureedge.net/releases/v1.0.1505/1.0.1505.2520/sharepointonline/icon.png","dataSources":["Event Attendees","Events"],"dependencies":[],"dependents":[],"parameterHints":{},"parameterHintsV2":{},"isOnPremiseConnection":false,"bypassConsent":false,"dataSets":{"https://m365x765471.sharepoint.com/sites/Events":{"dataSources":{"Event Attendees":{"tableName":"bb163f9e-1e6c-4baf-a921-f0394549ae21"},"Events":{"tableName":"c481fbd3-92d6-4fb0-ab45-633d92689842"}}}},"apiTier":"Standard","isCustomApiConnection":false,"actions":["providers/PowerPlatform.Governance/Operations/Read","providers/PowerPlatform.Governance/Operations/Write","providers/PowerPlatform.Governance/Operations/Delete"]}},"databaseReferences":{},"almMode":"Environment","performanceOptimizationEnabled":true,"canConsumeAppPass":true,"executionRestrictions":{"isTeamsOnly":false,"dataLossPreventionEvaluationResult":{"status":"Compliant","lastEvaluationDate":"2021-02-22T21:54:14.1652445Z","violationDetails":[]}}},"appType":"ClassicCanvasApp","appComponents":[]}}